{
    "validation_cost": 0.6785966991866607,
    "validation_accuracy": {
        "correct_count": 194.0,
        "accuracy": 0.8326180257510729
    },
    "train_time": 41.66125416755676,
    "infer_time": 0.12794065475463867,
    "valid_metrics": [
        {
            "acc": 0.8326180257510729,
            "pre": [
                0.8326180257510729,
                0.0,
                0.0,
                0.0,
                0.0
            ],
            "rec": [
                1.0,
                0.0,
                0.0,
                0.0,
                0.0
            ],
            "f": [
                0.9086651053864169,
                0.0,
                0.0,
                0.0,
                0.0
            ],
            "sup": [
                194,
                25,
                5,
                8,
                1
            ],
            "balanced_acc": 0.2,
            "mcc": 0.0
        }
    ]
}