{
    "valid_acc": 0.8326180257510729,
    "training_acc": [
        0.01651376146788991,
        0.029357798165137616,
        0.09541284403669725,
        0.22201834862385322,
        0.30825688073394497,
        0.30275229357798167,
        0.3357798165137615,
        0.29174311926605506,
        0.26238532110091745,
        0.11009174311926606,
        0.03302752293577982,
        0.02018348623853211,
        0.02018348623853211,
        0.02018348623853211,
        0.02018348623853211,
        0.02018348623853211,
        0.02018348623853211,
        0.02018348623853211,
        0.02018348623853211,
        0.02018348623853211,
        0.02018348623853211,
        0.02018348623853211,
        0.02018348623853211,
        0.02018348623853211,
        0.02018348623853211,
        0.02018348623853211,
        0.02018348623853211,
        0.02018348623853211,
        0.02018348623853211,
        0.02018348623853211,
        0.02018348623853211,
        0.02018348623853211,
        0.02018348623853211,
        0.3321100917431193,
        0.9174311926605505,
        0.9137614678899083,
        0.9137614678899083,
        0.9137614678899083,
        0.9137614678899083,
        0.9137614678899083,
        0.9137614678899083,
        0.9137614678899083,
        0.9137614678899083,
        0.9137614678899083,
        0.9137614678899083,
        0.9137614678899083,
        0.9137614678899083,
        0.9137614678899083,
        0.9137614678899083,
        0.9137614678899083,
        0.9137614678899083,
        0.9137614678899083,
        0.9137614678899083,
        0.9137614678899083,
        0.9137614678899083,
        0.9137614678899083,
        0.9137614678899083,
        0.9137614678899083,
        0.9137614678899083,
        0.9137614678899083,
        0.9137614678899083,
        0.9137614678899083,
        0.9137614678899083,
        0.9137614678899083,
        0.9137614678899083,
        0.9137614678899083,
        0.9137614678899083,
        0.9137614678899083,
        0.9137614678899083,
        0.9137614678899083,
        0.9137614678899083,
        0.9137614678899083,
        0.9137614678899083,
        0.9137614678899083,
        0.9137614678899083,
        0.9137614678899083,
        0.9137614678899083,
        0.9137614678899083,
        0.9137614678899083,
        0.9137614678899083,
        0.9137614678899083,
        0.9137614678899083,
        0.9137614678899083,
        0.9137614678899083,
        0.9137614678899083,
        0.9137614678899083,
        0.9137614678899083,
        0.9137614678899083,
        0.9137614678899083,
        0.9137614678899083,
        0.9137614678899083,
        0.9137614678899083,
        0.9137614678899083,
        0.9137614678899083,
        0.9137614678899083,
        0.9137614678899083,
        0.9137614678899083,
        0.9137614678899083,
        0.9137614678899083,
        0.9137614678899083
    ],
    "validation_acc": [
        0.017167381974248927,
        0.03862660944206009,
        0.09012875536480687,
        0.21030042918454936,
        0.27467811158798283,
        0.24034334763948498,
        0.30042918454935624,
        0.2145922746781116,
        0.07725321888412018,
        0.03862660944206009,
        0.02145922746781116,
        0.02145922746781116,
        0.02145922746781116,
        0.02145922746781116,
        0.02145922746781116,
        0.02145922746781116,
        0.02145922746781116,
        0.02145922746781116,
        0.02145922746781116,
        0.02145922746781116,
        0.02145922746781116,
        0.02145922746781116,
        0.02145922746781116,
        0.02145922746781116,
        0.02145922746781116,
        0.02145922746781116,
        0.02145922746781116,
        0.02145922746781116,
        0.02145922746781116,
        0.02145922746781116,
        0.02145922746781116,
        0.02145922746781116,
        0.02145922746781116,
        0.8412017167381974,
        0.8326180257510729,
        0.8326180257510729,
        0.8326180257510729,
        0.8326180257510729,
        0.8326180257510729,
        0.8326180257510729,
        0.8326180257510729,
        0.8326180257510729,
        0.8326180257510729,
        0.8326180257510729,
        0.8326180257510729,
        0.8326180257510729,
        0.8326180257510729,
        0.8326180257510729,
        0.8326180257510729,
        0.8326180257510729,
        0.8326180257510729,
        0.8326180257510729,
        0.8326180257510729,
        0.8326180257510729,
        0.8326180257510729,
        0.8326180257510729,
        0.8326180257510729,
        0.8326180257510729,
        0.8326180257510729,
        0.8326180257510729,
        0.8326180257510729,
        0.8326180257510729,
        0.8326180257510729,
        0.8326180257510729,
        0.8326180257510729,
        0.8326180257510729,
        0.8326180257510729,
        0.8326180257510729,
        0.8326180257510729,
        0.8326180257510729,
        0.8326180257510729,
        0.8326180257510729,
        0.8326180257510729,
        0.8326180257510729,
        0.8326180257510729,
        0.8326180257510729,
        0.8326180257510729,
        0.8326180257510729,
        0.8326180257510729,
        0.8326180257510729,
        0.8326180257510729,
        0.8326180257510729,
        0.8326180257510729,
        0.8326180257510729,
        0.8326180257510729,
        0.8326180257510729,
        0.8326180257510729,
        0.8326180257510729,
        0.8326180257510729,
        0.8326180257510729,
        0.8326180257510729,
        0.8326180257510729,
        0.8326180257510729,
        0.8326180257510729,
        0.8326180257510729,
        0.8326180257510729,
        0.8326180257510729,
        0.8326180257510729,
        0.8326180257510729,
        0.8326180257510729
    ],