{
    "validation_cost": 1.4405844724631007,
    "validation_accuracy": {
        "correct_count": 150.0,
        "accuracy": 0.47468354430379744
    },
    "train_time": 1884.2223391532898,
    "infer_time": 2.189174175262451,
    "valid_metrics": [
        {
            "acc": 0.47468354430379744,
            "pre": [
                0.2692307692307692,
                0.0,
                0.0,
                0.0,
                0.0,
                0.0,
                0.0,
                0.0,
                0.0,
                0.49746192893401014,
                0.0,
                0.4838709677419355,
                0.0,
                0.0
            ],
            "rec": [
                0.09210526315789473,
                0.0,
                0.0,
                0.0,
                0.0,
                0.0,
                0.0,
                0.0,
                0.0,
                0.8521739130434782,
                0.0,
                0.8823529411764706,
                0.0,
                0.0
            ],
            "f": [
                0.1372549019607843,
                0.0,
                0.0,
                0.0,
                0.0,
                0.0,
                0.0,
                0.0,
                0.0,
                0.6282051282051282,
                0.0,
                0.625,
                0.0,
                0.0
            ],
            "sup": [
                76,
                2,
                3,
                8,
                5,
                3,
                13,
                21,
                2,
                115,
                8,
                51,
                2,
                7
            ],
            "balanced_acc": 0.13047372266984597,
            "mcc": 0.284877118458973
        }
    ]
}