{
    "validation_cost": 0.1637702017913262,
    "validation_accuracy": {
        "correct_count": 112850.0,
        "accuracy": 0.9404166666666667
    },
    "train_time": 37328.92028307915,
    "infer_time": 51.6248881816864,
    "valid_metrics": [
        {
            "auc": 0.9832209069062607,
            "acc": 0.9404166666666667,
            "ap": 0.9813913491430154,
            "pre": 0.9333267951421239,
            "rec": 0.9489621246115238,
            "f": 0.9410795220436753,
            "sup": null,
            "balanced_acc": 0.9403922425026564,
            "mcc": 0.8809510018345201,
            "jaccard": 0.888715953307393
        }
    ]
}