{
    "validation_cost": 0.17177542276283106,
    "validation_accuracy": {
        "correct_count": 112404.0,
        "accuracy": 0.9367
    },
    "train_time": 26799.86394381523,
    "infer_time": 54.463852643966675,
    "valid_metrics": [
        {
            "auc": 0.9813696724251643,
            "acc": 0.9367,
            "ap": 0.9794142263826578,
            "pre": 0.9258395295718521,
            "rec": 0.9498429475993418,
            "f": 0.9376876507358369,
            "sup": null,
            "balanced_acc": 0.9366624355406327,
            "mcc": 0.8736849938108961,
            "jaccard": 0.8826854468794885
        }
    ]
}