{
    "valid_acc": 0.9313304721030042,
    "training_acc": [
        0.4935779816513762,
        0.9119266055045872,
        0.9119266055045872,
        0.9119266055045872,
        0.9155963302752294,
        0.9174311926605505,
        0.9192660550458716,
        0.9211009174311927,
        0.9211009174311927,
        0.9211009174311927,
        0.9247706422018349,
        0.9229357798165138,
        0.9247706422018349,
        0.9284403669724771,
        0.9302752293577982,
        0.9302752293577982,
        0.9302752293577982,
        0.9302752293577982,
        0.9302752293577982,
        0.9302752293577982,
        0.9302752293577982,
        0.9302752293577982,
        0.9302752293577982,
        0.9302752293577982,
        0.9302752293577982,
        0.9302752293577982,
        0.9302752293577982,
        0.9302752293577982,
        0.9302752293577982,
        0.9302752293577982,
        0.9302752293577982,
        0.9302752293577982,
        0.9302752293577982,
        0.9302752293577982,
        0.9302752293577982,
        0.9302752293577982,
        0.9302752293577982,
        0.9302752293577982,
        0.9302752293577982,
        0.9302752293577982,
        0.9302752293577982,
        0.9302752293577982,
        0.9302752293577982,
        0.9302752293577982,
        0.9302752293577982,
        0.9302752293577982,
        0.9339449541284404,
        0.9302752293577982,
        0.9412844036697248,
        0.9357798165137615,
        0.9357798165137615,
        0.9522935779816514,
        0.9504587155963303,
        0.9577981651376147,
        0.9577981651376147,
        0.9614678899082569,
        0.963302752293578,
        0.9651376146788991,
        0.9651376146788991,
        0.9688073394495413,
        0.9669724770642202,
        0.9706422018348624,
        0.9724770642201835,
        0.9761467889908257,
        0.9761467889908257,
        0.9779816513761468,
        0.9779816513761468,
        0.9779816513761468,
        0.9779816513761468,
        0.981651376146789,
        0.9798165137614679,
        0.9834862385321101,
        0.9834862385321101,
        0.9871559633027523,
        0.9871559633027523,
        0.9871559633027523,
        0.9889908256880734,
        0.9889908256880734,
        0.9908256880733946,
        0.9908256880733946,
        0.9908256880733946,
        0.9908256880733946,
        0.9908256880733946,
        0.9908256880733946,
        0.9908256880733946,
        0.9908256880733946,
        0.9908256880733946,
        0.9908256880733946,
        0.9908256880733946,
        0.9908256880733946,
        0.9908256880733946,
        0.9926605504587156,
        0.9926605504587156,
        0.9926605504587156,
        0.9926605504587156,
        0.9926605504587156,
        0.9926605504587156,
        0.9926605504587156,
        0.9926605504587156,
        0.9926605504587156
    ],
    "validation_acc": [
        0.8326180257510729,
        0.8326180257510729,
        0.8326180257510729,
        0.8326180257510729,
        0.8326180257510729,
        0.8412017167381974,
        0.8412017167381974,
        0.8454935622317596,
        0.8454935622317596,
        0.8497854077253219,
        0.8540772532188842,
        0.8540772532188842,
        0.8540772532188842,
        0.8540772532188842,
        0.8540772532188842,
        0.8540772532188842,
        0.8540772532188842,
        0.8540772532188842,
        0.8497854077253219,
        0.8497854077253219,
        0.8497854077253219,
        0.8497854077253219,
        0.8497854077253219,
        0.8497854077253219,
        0.8497854077253219,
        0.8497854077253219,
        0.8497854077253219,
        0.8497854077253219,
        0.8497854077253219,
        0.8497854077253219,
        0.8497854077253219,
        0.8497854077253219,
        0.8497854077253219,
        0.8497854077253219,
        0.8497854077253219,
        0.8497854077253219,
        0.8497854077253219,
        0.8497854077253219,
        0.8497854077253219,
        0.8497854077253219,
        0.8497854077253219,
        0.8497854077253219,
        0.8497854077253219,
        0.8497854077253219,
        0.8497854077253219,
        0.8497854077253219,
        0.8497854077253219,
        0.8497854077253219,
        0.8497854077253219,
        0.8497854077253219,
        0.8583690987124464,
        0.8583690987124464,
        0.8583690987124464,
        0.8626609442060086,
        0.8626609442060086,
        0.8626609442060086,
        0.8669527896995708,
        0.8669527896995708,
        0.8669527896995708,
        0.8669527896995708,
        0.8669527896995708,
        0.871244635193133,
        0.871244635193133,
        0.871244635193133,
        0.8755364806866953,
        0.8798283261802575,
        0.8798283261802575,
        0.8798283261802575,
        0.8969957081545065,
        0.8841201716738197,
        0.8927038626609443,
        0.9098712446351931,
        0.8969957081545065,
        0.9141630901287554,
        0.9227467811158798,
        0.9055793991416309,
        0.9227467811158798,
        0.9227467811158798,
        0.927038626609442,
        0.927038626609442,
        0.927038626609442,
        0.927038626609442,
        0.927038626609442,
        0.927038626609442,
        0.927038626609442,
        0.927038626609442,
        0.927038626609442,
        0.927038626609442,
        0.927038626609442,
        0.9313304721030042,
        0.927038626609442,
        0.9313304721030042,
        0.927038626609442,
        0.927038626609442,
        0.9313304721030042,
        0.9313304721030042,
        0.9313304721030042,
        0.9313304721030042,
        0.9313304721030042,
        0.9313304721030042
    ],