{
    "validation_cost": 0.3291195964864395,
    "validation_accuracy": {
        "correct_count": 217.0,
        "accuracy": 0.9313304721030042
    },
    "train_time": 22.150747060775757,
    "infer_time": 0.08353972434997559,
    "valid_metrics": [
        {
            "acc": 0.9313304721030042,
            "pre": [
                0.9368932038834952,
                1.0,
                0.625,
                0.0,
                0.0
            ],
            "rec": [
                0.9948453608247423,
                0.76,
                1.0,
                0.0,
                0.0
            ],
            "f": [
                0.9650000000000001,
                0.8636363636363636,
                0.7692307692307693,
                0.0,
                0.0
            ],
            "sup": [
                194,
                25,
                5,
                8,
                1
            ],
            "balanced_acc": 0.5509690721649484,
            "mcc": 0.7470413922955345
        }
    ]
}