{
    "validation_cost": 0.282870556407732,
    "validation_accuracy": {
        "correct_count": 214.0,
        "accuracy": 0.9184549356223176
    },
    "train_time": 35.2764527797699,
    "infer_time": 0.12067031860351562,
    "valid_metrics": [
        {
            "acc": 0.9184549356223176,
            "pre": [
                0.9150943396226415,
                0.9411764705882353,
                1.0,
                0.0,
                0.0
            ],
            "rec": [
                1.0,
                0.64,
                0.8,
                0.0,
                0.0
            ],
            "f": [
                0.9556650246305419,
                0.7619047619047621,
                0.888888888888889,
                0.0,
                0.0
            ],
            "sup": [
                194,
                25,
                5,
                8,
                1
            ],
            "balanced_acc": 0.4880000000000001,
            "mcc": 0.6905593552050867
        }
    ]
}