{
    "validation_cost": 0.5534810141513222,
    "validation_accuracy": {
        "correct_count": 304.0,
        "accuracy": 0.8888888888888888
    },
    "train_time": 51.70516610145569,
    "infer_time": 0.1320512294769287,
    "valid_metrics": [
        {
            "acc": 0.8888888888888888,
            "pre": [
                0.8765432098765432,
                0.8373983739837398,
                1.0,
                1.0,
                1.0,
                0.7857142857142857,
                0.6666666666666666,
                1.0,
                0.0,
                1.0,
                1.0,
                0.8,
                1.0,
                1.0,
                0.9166666666666666,
                1.0,
                0.0,
                0.0
            ],
            "rec": [
                0.9466666666666667,
                0.9537037037037037,
                1.0,
                0.9649122807017544,
                1.0,
                0.9166666666666666,
                0.6,
                0.2,
                0.0,
                0.5,
                0.5,
                1.0,
                0.25,
                0.25,
                0.9166666666666666,
                0.6,
                0.0,
                0.0
            ],
            "f": [
                0.9102564102564102,
                0.8917748917748918,
                1.0,
                0.9821428571428572,
                1.0,
                0.8461538461538461,
                0.631578947368421,
                0.33333333333333337,
                0.0,
                0.6666666666666666,
                0.6666666666666666,
                0.888888888888889,
                0.4,
                0.4,
                0.9166666666666666,
                0.7499999999999999,
                0.0,
                0.0
            ],
            "sup": [
                75,
                108,
                5,
                57,
                29,
                12,
                10,
                5,
                4,
                4,
                2,
                4,
                4,
                4,
                12,
                5,
                2,
                0
            ],
            "balanced_acc": 0.623447999082674,
            "mcc": 0.8622306789618838
        }
    ]
}